max_iter,learning_rate,bracket,n_i,r_i,train_loss,train_accuracy,val_loss,val_accuracy,test_loss,test_accuracy
20,0.21586346292581798,2,9,2.2222222222222223,1.409062978383657,47.747747747747745,0.7267566494485165,69.9,0.7533326970923478,69.0
20,0.0350477374175582,2,9,2.2222222222222223,1.2597947877806586,53.216497747747745,0.6667496796618116,74.85,0.6839936415480959,74.89
20,0.019017805973925096,2,9,2.2222222222222223,1.3008850804857306,51.386542792792795,0.6921559496128813,74.06666666666666,0.7117716223950599,73.23
20,0.11382280658736996,2,9,2.2222222222222223,1.3626758773047645,48.634572072072075,0.7329751601878632,72.18333333333334,0.7460614408657049,72.06
20,0.04065017761581473,2,9,2.2222222222222223,1.1961147022676897,54.898648648648646,0.6459369301161868,74.38333333333334,0.6705015601625868,73.56
20,0.17882570039401205,2,9,2.2222222222222223,1.2797334116321426,52.484515765765764,0.6771252916214314,72.75,0.7068878634340444,71.81
20,0.02372325574612248,2,9,2.2222222222222223,1.3043860089671504,50.774211711711715,0.6995247570758171,74.08333333333333,0.7235220689682444,73.33
20,0.11641094235179457,2,9,2.2222222222222223,1.1907061204179987,55.750281531531535,0.6156472275231747,74.65,0.6356249288388878,73.96
20,0.11589660743464086,2,9,2.2222222222222223,1.1466760648800447,58.07995495495496,0.6020218492188352,76.15,0.6258959202629746,75.41
20,0.11589660743464086,2,3.0,6.666666666666667,0.9758405949439373,63.973348348348345,0.5734333002820928,77.5,0.5944241896556441,76.89
20,0.11641094235179457,2,3.0,6.666666666666667,0.9295521222793304,65.65315315315316,0.5659496410095946,77.98333333333333,0.5873345740281852,77.17
20,0.04065017761581473,2,3.0,6.666666666666667,0.9998124142487844,62.624343093093096,0.6229077349317834,76.08333333333333,0.646653690155904,74.87
20,0.11641094235179457,2,1.0,20.0,0.7911357544213533,70.82864466116528,0.5509636437005185,77.98333333333333,0.5676883986801099,77.97
20,0.01915097693163874,1,3,6.666666666666666,1.0707993305123247,59.560341591591595,0.699650153834769,73.28333333333333,0.7188759702406112,72.42
20,0.20882607170816475,1,3,6.666666666666666,2.3278532987600333,11.15334084084084,2.302670514329951,10.0,2.302664803851182,10.0
20,0.09256789849132309,1,3,6.666666666666666,0.9736269757643834,63.45251501501502,0.6097645658127805,76.01666666666667,0.6325909309326463,75.57
20,0.09256789849132309,1,1.0,20.0,0.8103221917897463,69.9338897224306,0.5638481869976572,77.38333333333334,0.582099752061686,77.36
20,0.04327537479115781,0,3,20,0.825679999306798,69.96124031007751,0.5915683777408397,77.21666666666667,0.614079153271997,76.79
20,0.24986933963123997,0,3,20,1.1150945572555064,58.44429857464366,0.6982194502302941,74.6,0.720937331580812,73.65
20,0.22760805614416257,0,3,20,0.9682893898189068,64.11446611652913,0.6560492192177062,74.86666666666666,0.6830331126975405,74.3
40,0.11534930257398228,3,27,1.4814814814814814,1.3811458216325656,49.6410472972973,0.732978474903614,72.25,0.7533337703556012,71.81
40,0.18755540237304721,3,27,1.4814814814814814,1.9550376663336884,24.060388513513512,1.6226047353541597,33.96666666666667,1.6208646001329847,33.97
40,0.144822332063887,3,27,1.4814814814814814,1.72438190917711,34.68116554054054,1.1109537000351764,58.88333333333333,1.1206883924781896,58.45
40,0.12402473189441324,3,27,1.4814814814814814,1.3756629824638367,48.426942567567565,0.6990450665037683,71.88333333333334,0.7149672136185276,70.99
40,0.12943809858905897,3,27,1.4814814814814814,1.6741139985419609,39.220861486486484,0.9203648345267519,67.78333333333333,0.9345032227267126,66.3
40,0.15391375763383866,3,27,1.4814814814814814,1.4662777853978646,45.544763513513516,0.7856798672929723,69.63333333333334,0.8115358090704414,68.86
40,0.23380777386066243,3,27,1.4814814814814814,2.3121940815770947,11.032516891891891,2.3034157651536007,9.983333333333333,2.303455208517184,10.02
40,0.24087837328526612,3,27,1.4814814814814814,1.7968005682971027,33.84712837837838,1.112370916503541,64.76666666666667,1.130764456691256,63.79
40,0.07850737067879163,3,27,1.4814814814814814,1.2930518642470643,51.4991554054054,0.6731598269432149,74.45,0.6936270700898141,73.71
40,0.04030735711292631,3,27,1.4814814814814814,1.4234177631300848,46.11486486486486,0.7300621036519396,72.98333333333333,0.7524083400987516,72.16
40,0.0030992923795406763,3,27,1.4814814814814814,2.0997095784625492,22.90962837837838,1.639581651129621,52.28333333333333,1.6446987086800253,51.28
40,0.1520603119387828,3,27,1.4814814814814814,1.59947845823056,41.38513513513514,0.8773171857316443,68.35,0.8902175946600118,67.81
40,0.221634368249199,3,27,1.4814814814814814,1.7566129629676406,34.765625,0.9768722456820468,61.516666666666666,0.9936058912307594,61.83
40,0.2148309046810513,3,27,1.4814814814814814,1.6718840776263058,37.5633445945946,0.8713143626426129,68.8,0.8956364313508295,67.83
40,0.21935471954034647,3,27,1.4814814814814814,2.302684906366709,10.219594594594595,2.3033330795612743,10.0,2.303318161873301,10.0
40,0.06347677797151012,3,27,1.4814814814814814,1.3528383901795826,50.295608108108105,0.7138392322875083,73.83333333333333,0.7329300698960662,73.34
40,0.12229039764330481,3,27,1.4814814814814814,1.3650707393079191,49.11317567567568,0.7349093207653533,73.51666666666667,0.7529733106968509,72.91
40,0.20143288199756307,3,27,1.4814814814814814,1.5752511930626791,42.74704391891892,0.8909084695450803,67.98333333333333,0.9131164702640218,67.38
40,0.12477569186112922,3,27,1.4814814814814814,1.402571038619892,49.02871621621622,0.6908298331372281,73.35,0.7086713763938588,72.95
40,0.24897158931335492,3,27,1.4814814814814814,2.3373193547532365,10.58910472972973,2.303460440737136,10.0,2.303453535031361,10.0
40,0.11173909039461768,3,27,1.4814814814814814,1.34446949813817,50.27449324324324,0.7232822528544892,73.9,0.7401706120770448,73.18
40,0.22358791193672714,3,27,1.4814814814814814,1.763716314290021,35.842483108108105,1.1194207604895248,65.4,1.1295744583105585,64.92
40,0.12234164714396686,3,27,1.4814814814814814,1.3827369100338704,46.864442567567565,0.6944592347804536,74.21666666666667,0.7155572895411473,73.78
40,0.06290279892159571,3,27,1.4814814814814814,1.3419448556126774,50.0,0.695495751943994,74.38333333333334,0.7170186874213492,73.94
40,0.027502785782938466,3,27,1.4814814814814814,1.3656010780785535,49.91554054054054,0.717570608600657,72.55,0.737730795410788,72.41
40,0.11127653221732393,3,27,1.4814814814814814,1.3645742853751053,50.11613175675676,0.6768932060358372,74.05,0.6965586755685745,72.81
40,0.048842292485749804,3,27,1.4814814814814814,1.2522119726683643,54.592483108108105,0.6507728033243342,75.03333333333333,0.6789816849550624,74.46
40,0.048842292485749804,3,9.0,4.444444444444445,1.0275741449079,61.56390765765766,0.5925185306275145,76.6,0.6109072275602134,76.25
40,0.07850737067879163,3,9.0,4.444444444444445,1.027519968715874,61.539273648648646,0.5883427075249084,77.08333333333333,0.6075814476438389,76.76
40,0.11127653221732393,3,9.0,4.444444444444445,1.0051992042913094,62.75337837837838,0.5680433245415383,76.98333333333333,0.5883799102275994,76.78
40,0.12477569186112922,3,9.0,4.444444444444445,1.0281141917179297,62.57038288288288,0.5954839067256197,76.93333333333334,0.6146173507544646,76.51
40,0.12234164714396686,3,9.0,4.444444444444445,1.0407578191375948,61.26126126126126,0.585350346057973,76.95,0.6034656491628878,76.19
40,0.06290279892159571,3,9.0,4.444444444444445,0.9347437403357781,65.19918355855856,0.5571288279396422,77.83333333333333,0.5745124655544378,77.45
40,0.12402473189441324,3,9.0,4.444444444444445,1.0341628121363151,61.78561373873874,0.5629370833965058,77.91666666666667,0.5814471413755113,77.62
40,0.06347677797151012,3,9.0,4.444444444444445,0.947563657486761,65.21677927927928,0.5849806216168911,77.1,0.596278322540271,77.08
40,0.027502785782938466,3,9.0,4.444444444444445,1.0388839886532173,61.475929054054056,0.6415294719503281,74.6,0.669794606365216,73.62
40,0.06290279892159571,3,3.0,13.333333333333332,0.9366015998921892,65.46262427311949,0.6217488304097601,76.51666666666667,0.6448781340365197,75.82
40,0.12402473189441324,3,3.0,13.333333333333332,1.006371215600674,61.81180829112737,0.6804751176783379,74.58333333333333,0.6978064587541447,73.72
40,0.11127653221732393,3,3.0,13.333333333333332,0.9495757457374722,64.92215344213093,0.6124875260160324,76.73333333333333,0.6311325592220209,76.31
40,0.11127653221732393,3,1.0,40.0,0.8334167254269123,69.4611152788197,0.5954207578238021,76.5,0.6194722403766243,75.86
40,0.21586346292581798,2,9,4.444444444444445,1.3100202283612243,52.350788288288285,0.6783309667668445,75.38333333333334,0.6935896383728951,74.96
40,0.0350477374175582,2,9,4.444444444444445,1.0232991342608992,61.78913288288288,0.6216594034687002,75.48333333333333,0.6446400825764723,74.97
40,0.019017805973925096,2,9,4.444444444444445,1.0572848188447523,60.508164414414416,0.667110671388342,74.38333333333334,0.6903802575958762,74.0
40,0.11382280658736996,2,9,4.444444444444445,1.0012711714785378,63.372747747747745,0.5778362497370294,76.85,0.5937443927974458,77.12
40,0.04065017761581473,2,9,4.444444444444445,1.022688307203688,62.186796171171174,0.6146555847310006,75.26666666666667,0.638199078998748,74.67
40,0.17882570039401205,2,9,4.444444444444445,1.7119377384314667,32.344453828828826,1.2208874022707026,56.45,1.222612729497776,55.91
40,0.02372325574612248,2,9,4.444444444444445,1.0557060824321196,60.55039414414414,0.642488716130561,74.98333333333333,0.6631917239754064,74.5
40,0.11641094235179457,2,9,4.444444444444445,1.0246437730284426,61.475929054054056,0.5754298190487191,77.08333333333333,0.5971165322194434,76.61
40,0.11589660743464086,2,9,4.444444444444445,1.0444330103225536,61.0571509009009,0.5811319528742039,76.83333333333333,0.6011315867020066,77.01
40,0.11641094235179457,2,3.0,13.333333333333334,0.8353558016601399,68.68200150065654,0.5601553200407231,77.3,0.5813251426265498,77.0
40,0.11382280658736996,2,3.0,13.333333333333334,0.8562477410331492,68.29394109923092,0.5627702493616875,77.81666666666666,0.5787405147673977,77.63
40,0.11589660743464086,2,3.0,13.333333333333334,0.8776235419471552,67.24113674732696,0.5733462118722022,77.0,0.5992629119924678,76.32
40,0.11641094235179457,2,1.0,40.0,0.732939926199615,72.96433483370842,0.5307522210034918,78.36666666666666,0.5529551870504003,78.35
40,0.01915097693163874,1,6,13.333333333333332,0.9832119473996058,63.50708122303508,0.6747718072952108,74.5,0.6970653634542113,74.17
40,0.20882607170816475,1,6,13.333333333333332,0.9638222506953108,64.1554117426374,0.6280335552514867,75.68333333333334,0.6513024851395066,74.94
40,0.09256789849132309,1,6,13.333333333333332,0.808491338354613,69.87783717876572,0.5572733752270962,77.6,0.5778571372958505,77.25
40,0.11043346257953371,1,6,13.333333333333332,0.796379002340736,70.48630650909773,0.5388528425642785,78.3,0.5535890900405349,77.97
40,0.21493906604464683,1,6,13.333333333333332,0.982309085662796,63.97955355468017,0.6469969568734474,75.63333333333334,0.6723503618483331,75.49
40,0.22252312117450893,1,6,13.333333333333332,2.3021221938029504,10.340461451885199,2.302667906943788,10.0,2.3026620582410486,10.0
40,0.11043346257953371,1,2.0,40.0,0.7702708484306932,71.88359589897475,0.548102042776473,78.76666666666667,0.5670191554506873,78.14
40,0.09256789849132309,1,2.0,40.0,0.7768519305214285,71.12989184796199,0.5635513714019288,77.26666666666667,0.5891627561134897,76.55
40,0.04327537479115781,0,4,40,0.8165702845826746,69.91669792448113,0.5908606023864543,76.81666666666666,0.6145141215840723,76.12
40,0.24986933963123997,0,4,40,0.9565224856287241,64.14025381345337,0.6654698195609641,73.55,0.6915287886075913,73.07
40,0.22760805614416257,0,4,40,1.0190480733960867,62.54141660415104,0.7005929512546417,74.28333333333333,0.7243761541737113,73.27
40,0.24709648569867856,0,4,40,1.3921801491230725,49.588569017254315,1.0368213292132034,63.21666666666667,1.0469428114830308,62.4
60,0.11534930257398228,3,27,2.2222222222222223,1.7031075664468713,34.35388513513514,1.2230274246094075,52.016666666666666,1.2311556320281545,51.5
60,0.18755540237304721,3,27,2.2222222222222223,1.2976878229025248,53.420608108108105,0.675546147721879,75.86666666666666,0.6909387462837681,74.26
60,0.144822332063887,3,27,2.2222222222222223,1.4100830530798114,47.423986486486484,0.726471795997721,72.21666666666667,0.7468028129286067,71.52
60,0.12402473189441324,3,27,2.2222222222222223,1.1477470510714762,57.770270270270274,0.6005263471222938,76.46666666666667,0.6200194449941064,75.61
60,0.12943809858905897,3,27,2.2222222222222223,1.145451064850833,58.248873873873876,0.5965146866250546,77.03333333333333,0.6146778386489601,76.19
60,0.15391375763383866,3,27,2.2222222222222223,1.4609182546804618,44.36233108108108,0.7455253112823406,70.7,0.7638700160251302,70.61
60,0.23380777386066243,3,27,2.2222222222222223,1.4851402170486279,44.369369369369366,0.7376317648177452,71.6,0.7747819996943139,70.51
60,0.24087837328526612,3,27,2.2222222222222223,1.6000058554314278,42.01858108108108,0.8256755002001499,70.6,0.8480435347860786,69.34
60,0.07850737067879163,3,27,2.2222222222222223,1.155786136786143,57.10163288288288,0.5938791160253768,76.4,0.6087286861459161,76.13
60,0.04030735711292631,3,27,2.2222222222222223,1.2106022539439503,54.286317567567565,0.6536611480281708,74.45,0.677244543269941,74.01
60,0.0030992923795406763,3,27,2.2222222222222223,1.9924264534099683,27.118524774774773,1.4731302159897826,54.03333333333333,1.47960228904797,54.51
60,0.1520603119387828,3,27,2.2222222222222223,1.2840108917103157,53.07573198198198,0.6453849422804853,74.01666666666667,0.6725312279667824,72.87
60,0.221634368249199,3,27,2.2222222222222223,1.5688536167144775,42.926520270270274,0.8440147987071503,70.15,0.8711931770014915,68.96
60,0.2148309046810513,3,27,2.2222222222222223,1.9104951356982325,25.717905405405407,1.474193831707569,46.61666666666667,1.4714081241826342,46.78
60,0.21935471954034647,3,27,2.2222222222222223,1.561683792788703,43.85557432432432,0.8127536678567846,68.68333333333334,0.8331341789026928,68.13
60,0.06347677797151012,3,27,2.2222222222222223,1.1757539191224553,56.1866554054054,0.6016032654554286,76.26666666666667,0.6230028641831343,75.18
60,0.12229039764330481,3,27,2.2222222222222223,1.3070581748678878,49.72550675675676,0.7180004164259485,71.51666666666667,0.743603920860655,70.49
60,0.20143288199756307,3,27,2.2222222222222223,1.4334589938322704,47.360641891891895,0.6869857390510276,72.83333333333333,0.7191164577083223,71.86
60,0.12477569186112922,3,27,2.2222222222222223,1.2910026370942056,52.35782657657658,0.6419545380359001,74.61666666666666,0.6664032565939958,74.13
60,0.24897158931335492,3,27,2.2222222222222223,1.5190765463017128,43.9329954954955,0.8340516851303426,68.46666666666667,0.8546228435388796,67.92
60,0.11173909039461768,3,27,2.2222222222222223,1.2218869886956774,54.48338963963964,0.6315040131832691,74.88333333333334,0.6580082314788915,74.13
60,0.22358791193672714,3,27,2.2222222222222223,1.3744626493604333,49.77477477477478,0.7212502658367157,73.71666666666667,0.7399472279153811,72.8
60,0.12234164714396686,3,27,2.2222222222222223,1.2122069779817048,55.701013513513516,0.6081304493102622,76.38333333333334,0.6336399104185165,75.32
60,0.06290279892159571,3,27,2.2222222222222223,1.1755496770948977,55.94031531531532,0.6291039430714668,74.61666666666666,0.6522765852463474,74.16
60,0.027502785782938466,3,27,2.2222222222222223,1.2501604710076306,53.51914414414414,0.6555753166371203,74.66666666666667,0.6786517555926256,73.91
60,0.11127653221732393,3,27,2.2222222222222223,1.225042960396758,54.476351351351354,0.6315900347334273,75.65,0.6528439388912954,74.72
60,0.048842292485749804,3,27,2.2222222222222223,1.1848995513744183,55.954391891891895,0.6150474297873517,75.7,0.645703043527664,74.95
60,0.07850737067879163,3,9.0,6.666666666666667,0.8968375450497991,67.2414602102102,0.564650757515684,77.41666666666667,0.5797574937723244,77.18
60,0.12943809858905897,3,9.0,6.666666666666667,0.9285184626017247,65.93468468468468,0.5706139717330324,77.56666666666666,0.5887013318812012,77.05
60,0.12402473189441324,3,9.0,6.666666666666667,0.9833593359580627,63.241366366366364,0.596370463675641,76.71666666666667,0.6177618065077788,76.5
60,0.06347677797151012,3,9.0,6.666666666666667,0.8528339256932428,68.39808558558559,0.5583010997543943,77.26666666666667,0.5784830707273666,77.11
60,0.12234164714396686,3,9.0,6.666666666666667,0.9584047684261391,64.5411036036036,0.5839321654527745,76.78333333333333,0.604432108295951,76.05
60,0.048842292485749804,3,9.0,6.666666666666667,0.92159762289431,65.58980855855856,0.584209069609642,76.98333333333333,0.6122478983204835,76.53
60,0.06290279892159571,3,9.0,6.666666666666667,0.8996135784430547,66.72766516516516,0.5736534785717091,76.83333333333333,0.5944410397368631,76.46
60,0.11173909039461768,3,9.0,6.666666666666667,1.0398249900018848,61.56390765765766,0.6105222378639464,75.5,0.6276188152990524,75.27
60,0.11127653221732393,3,9.0,6.666666666666667,0.938892507517302,65.23789414414415,0.5664883278151776,77.71666666666667,0.5822101899772693,77.34
60,0.06347677797151012,3,3.0,20.0,0.822769493445754,69.28372718179546,0.5885334512654771,77.26666666666667,0.6114752252770078,76.6
60,0.07850737067879163,3,3.0,20.0,0.8645356799066066,68.45305076269068,0.5862954943738086,77.3,0.6097070392529675,76.88
60,0.11127653221732393,3,3.0,20.0,0.8841525399982929,66.97768192048012,0.5816799760498899,76.93333333333334,0.6012486876196163,76.22
60,0.11127653221732393,3,1.0,60.0,0.806599590609471,70.4692514483391,0.5742586026800439,77.51666666666667,0.592031561834797,76.73
60,0.21586346292581798,2,9,6.666666666666666,1.213255548978353,55.557901651651655,0.6396564251564919,76.81666666666666,0.6624791257700343,75.65
60,0.0350477374175582,2,9,6.666666666666666,0.9147513945539434,66.26548423423424,0.5831242866338567,77.75,0.6016272930962265,76.83
60,0.019017805973925096,2,9,6.666666666666666,1.078539340882688,60.15625,0.7214138514183938,73.66666666666667,0.7393678254002978,72.87
60,0.11382280658736996,2,9,6.666666666666666,1.0297931042519417,61.60848348348348,0.6269601707128768,75.71666666666667,0.6485937283297253,74.45
60,0.04065017761581473,2,9,6.666666666666666,0.9085480933701312,65.94641516516516,0.5932419449090958,76.41666666666667,0.6109748129632063,76.08
60,0.17882570039401205,2,9,6.666666666666666,1.0472256338542647,60.942192192192195,0.6161871821956432,77.18333333333334,0.6322332893966869,76.4
60,0.02372325574612248,2,9,6.666666666666666,0.9732579032222072,63.914695945945944,0.6296119515566115,75.08333333333333,0.6537722083413677,74.38
60,0.11641094235179457,2,9,6.666666666666666,0.959420626585906,64.44725975975976,0.5665514824238229,77.9,0.5837442692677686,77.78
60,0.11589660743464086,2,9,6.666666666666666,0.9732503785385384,64.05311561561561,0.5844608206064144,77.1,0.606355054742971,76.12
60,0.11641094235179457,2,3.0,20.0,0.8307561654150486,68.75937734433609,0.5794068755621605,77.28333333333333,0.6005620305325575,76.61
60,0.0350477374175582,2,3.0,20.0,0.834560218423605,68.95317579394849,0.6026717449756379,76.31666666666666,0.624992547521166,76.36
60,0.11589660743464086,2,3.0,20.0,0.8667190556675196,67.97089897474369,0.5916491226947054,77.25,0.6111225100459566,76.45
60,0.11641094235179457,2,1.0,59.99999999999999,0.8431319066645165,68.14998540997958,0.617513877597261,76.45,0.638884447372643,75.47
60,0.01915097693163874,1,6,20.0,0.9511007382273674,65.35540135033759,0.6850150027807723,74.15,0.7056237869201951,73.35
60,0.20882607170816475,1,6,20.0,0.9602615652382374,64.46924231057764,0.6611814581333323,75.16666666666667,0.6848480116789508,74.24
60,0.09256789849132309,1,6,20.0,0.8148249965310097,70.03313328332084,0.5747066162368084,77.9,0.5902184906658853,77.52
60,0.11043346257953371,1,6,20.0,0.8122099445462226,70.17535633908477,0.5562643462673147,77.2,0.5819115955738505,76.92
60,0.21493906604464683,1,6,20.0,1.9608721331357957,25.30632658164541,1.522484688048667,47.88333333333333,1.5220038412482875,48.36
60,0.22252312117450893,1,6,20.0,1.0330736664533615,62.09989997499375,0.686017670529954,75.31666666666666,0.7113227458896151,74.12
60,0.11043346257953371,1,2.0,60.0,0.8090515436182419,70.12748509982079,0.5884941321738223,77.11666666666666,0.6128086804584333,76.64
60,0.09256789849132309,1,2.0,60.0,0.7850959221919378,70.78939690743134,0.5665455714185187,77.96666666666667,0.5897515852739856,77.23
60,0.04327537479115781,0,4,60,0.7982847596357266,70.6690493060476,0.5908932926806998,76.76666666666667,0.6123358929992482,75.94
60,0.24986933963123997,0,4,60,0.9627614062627157,64.51517109156838,0.6616786496436342,75.36666666666666,0.6820726269369672,74.3
60,0.22760805614416257,0,4,60,2.30377897632122,10.053192597841036,2.3026698193651565,10.0,2.302663803100586,10.0
60,0.24709648569867856,0,4,60,2.3020858373045923,10.049806193473096,2.302676353048771,10.0,2.3026676071677237,10.0
80,0.11534930257398228,3,27,2.962962962962963,1.0584102381725569,60.40434966216216,0.57687597927895,77.21666666666667,0.5916572334660086,76.65
80,0.18755540237304721,3,27,2.962962962962963,1.3683254984585014,50.517314189189186,0.7010568519856067,74.6,0.7208383011210496,74.3
80,0.144822332063887,3,27,2.962962962962963,1.2326961715479154,53.526182432432435,0.6383090263351481,75.51666666666667,0.6692250165969703,74.45
80,0.12402473189441324,3,27,2.962962962962963,1.1770628136960235,56.72508445945946,0.5983787321663917,76.18333333333334,0.6199403910120581,75.43
80,0.12943809858905897,3,27,2.962962962962963,1.1171999203192222,58.26119087837838,0.6222481429576874,75.43333333333334,0.6430781405822487,74.1
80,0.15391375763383866,3,27,2.962962962962963,1.2154472077617775,55.569045608108105,0.6176944286265271,75.43333333333334,0.6449015318967735,74.39
80,0.23380777386066243,3,27,2.962962962962963,2.306856487651129,11.74514358108108,2.3029878367768957,10.0,2.3030051334648376,10.0
80,0.24087837328526612,3,27,2.962962962962963,1.3914839262897905,47.534839527027025,0.7774012190230349,71.05,0.7991269823092564,70.38
80,0.07850737067879163,3,27,2.962962962962963,1.1443231200446953,57.237119932432435,0.6270417837386436,76.18333333333334,0.6481301158097139,75.26
80,0.04030735711292631,3,27,2.962962962962963,1.1580103164589084,56.92039695945946,0.6462423211716591,75.51666666666667,0.6656164340912156,74.53
80,0.0030992923795406763,3,27,2.962962962962963,1.93779185092127,29.819467905405407,1.4129332088409585,60.1,1.4239067978160396,60.13
80,0.1520603119387828,3,27,2.962962962962963,1.2062582452152226,55.36317567567568,0.6419794990661296,74.85,0.6674135908199723,73.61
80,0.221634368249199,3,27,2.962962962962963,1.3590855793775738,50.19003378378378,0.6987620833072257,74.65,0.7247788964942762,73.91
80,0.2148309046810513,3,27,2.962962962962963,1.4486799536121857,47.14949324324324,0.7874964202972169,71.0,0.8099647001096397,70.68
80,0.21935471954034647,3,27,2.962962962962963,1.5571408612099853,43.38576858108108,0.9006206050832221,68.48333333333333,0.9063253292612209,67.81
80,0.06347677797151012,3,27,2.962962962962963,1.0626641248126287,60.29349662162162,0.5862017200982317,76.3,0.6079122828450173,75.97
80,0.12229039764330481,3,27,2.962962962962963,1.1533844374321602,56.492820945945944,0.575540858063292,77.46666666666667,0.5958710677304845,77.19
80,0.20143288199756307,3,27,2.962962962962963,1.4567429330703374,47.93074324324324,0.8917277930898869,67.1,0.9129567533541637,66.4
80,0.12477569186112922,3,27,2.962962962962963,1.1022101350732751,59.23247466216216,0.5777191564123682,77.31666666666666,0.6005520706723451,76.79
80,0.24897158931335492,3,27,2.962962962962963,2.3440668240592286,10.710515202702704,2.302997903620943,10.0,2.303015356610535,10.0
80,0.11173909039461768,3,27,2.962962962962963,1.1340526849836916,57.495777027027025,0.5824855623093057,77.25,0.6065319453834728,76.08
80,0.22358791193672714,3,27,2.962962962962963,1.571973802471483,43.676097972972975,0.8876171853948147,70.61666666666666,0.9091873472663248,69.39
80,0.12234164714396686,3,27,2.962962962962963,1.1753655025685155,56.017736486486484,0.5867972567360452,77.03333333333333,0.608976955626421,76.37
80,0.06290279892159571,3,27,2.962962962962963,1.0577698889616374,60.472972972972975,0.5822304864513114,76.93333333333334,0.6082240574678798,76.27
80,0.027502785782938466,3,27,2.962962962962963,1.1408459304555043,57.237119932432435,0.6631548889773957,74.58333333333333,0.6792409438995799,74.03
80,0.11127653221732393,3,27,2.962962962962963,1.2094421668632611,54.74556587837838,0.6210593409994816,75.68333333333334,0.6434306667488852,74.61
80,0.048842292485749804,3,27,2.962962962962963,1.0912542437782158,59.09522804054054,0.5841634676177451,76.85,0.6070544896232095,75.79
80,0.12229039764330481,3,9.0,8.88888888888889,0.8890840068526633,66.68192058575049,0.5777670471592152,77.43333333333334,0.5916038969899439,76.71
80,0.11534930257398228,3,9.0,8.88888888888889,0.8406472251423307,68.17621796676993,0.5546742395517674,77.6,0.5680185677898917,77.41
80,0.12477569186112922,3,9.0,8.88888888888889,0.8664559625961759,67.85588566600957,0.5720990886713596,76.85,0.5781028950290316,76.81
80,0.06290279892159571,3,9.0,8.88888888888889,0.8799853205412358,67.19938045620952,0.5825277617637147,77.05,0.6054640362976463,76.51
80,0.11173909039461768,3,9.0,8.88888888888889,0.8802335275387442,67.0568149816953,0.5677797467784679,77.86666666666666,0.589482404813645,77.37
80,0.048842292485749804,3,9.0,8.88888888888889,0.8820272420306463,67.38946775556181,0.580189733112112,76.45,0.6029683444530342,76.14
80,0.06347677797151012,3,9.0,8.88888888888889,0.8746374648165058,67.26802309208674,0.5729094575694267,77.28333333333333,0.5941484264887062,76.84
80,0.12234164714396686,3,9.0,8.88888888888889,0.8838470640281836,67.22930160518163,0.5545975464455625,77.55,0.5766238589195689,76.99
80,0.12402473189441324,3,9.0,8.88888888888889,0.8745569366256933,67.65171782596451,0.5648791485644401,77.36666666666666,0.5816324108345493,77.08
80,0.12234164714396686,3,3.0,26.666666666666664,0.7761300846386564,71.15068942875902,0.5470140820488016,78.1,0.574748886998292,77.36
80,0.11534930257398228,3,3.0,26.666666666666664,0.8499569844926825,68.32614201294437,0.5923645550266226,76.53333333333333,0.616654175861626,75.52
80,0.12402473189441324,3,3.0,26.666666666666664,0.812163938560704,69.55491980114437,0.5887180360707831,77.0,0.6037654164870074,76.43
80,0.12234164714396686,3,1.0,80.0,0.8152671688050032,69.69889969053797,0.5857327628008863,76.78333333333333,0.611168377338701,76.25
80,0.21586346292581798,2,9,8.88888888888889,1.1153390003485724,59.3758800337933,0.6452477457041436,76.2,0.6650515354363022,75.85
80,0.0350477374175582,2,9,8.88888888888889,0.9217408338377068,65.42347226133484,0.6123650067664207,75.8,0.6322876450362479,75.53
80,0.019017805973925096,2,9,8.88888888888889,0.9894653860110421,63.556040551957196,0.6846148374866932,74.1,0.7041746835420086,73.8
80,0.11382280658736996,2,9,8.88888888888889,0.9073690474704579,66.74704308645452,0.5805369510929635,77.05,0.6025843443764243,76.22
80,0.04065017761581473,2,9,8.88888888888889,0.8951915260236543,66.87904815544917,0.5868326536518462,77.06666666666666,0.6080763524125337,76.19
80,0.17882570039401205,2,9,8.88888888888889,0.9956134313398654,61.991340467473954,0.6232440408239973,75.7,0.6408699749002031,75.34
80,0.02372325574612248,2,9,8.88888888888889,0.9616343738796475,64.18790481554491,0.6585170017912033,74.6,0.6881206113441735,73.54
80,0.11641094235179457,2,9,8.88888888888889,0.9337279563014572,64.9482540129541,0.5897875837189086,77.08333333333333,0.6115128109409551,76.79
80,0.11589660743464086,2,9,8.88888888888889,0.8850114911056317,67.03569417065616,0.5432039683169507,78.56666666666666,0.5686798469655833,78.1
80,0.11589660743464086,2,3.0,26.666666666666668,0.7806045119689089,70.99591970734453,0.5419671519639644,78.25,0.554753303527832,78.56
80,0.11382280658736996,2,3.0,26.666666666666668,0.8191368425822491,69.6141309445643,0.580440140150963,77.03333333333333,0.5995181914727399,76.4
80,0.04065017761581473,2,3.0,26.666666666666668,0.796560590741604,70.75086764843823,0.5818064022571483,76.65,0.6031821759263422,76.44
80,0.11589660743464086,2,1.0,80.0,0.7594313459023834,71.48475352442874,0.5606833661490298,77.8,0.5741327338537593,77.64
80,0.01915097693163874,1,6,26.666666666666664,0.9217732062665306,65.95183378669918,0.6686512393520233,74.96666666666667,0.6906461611295202,73.88
80,0.20882607170816475,1,6,26.666666666666664,1.0118283637242484,61.0179626676672,0.6923655328598428,74.6,0.7090411467157351,73.59
80,0.09256789849132309,1,6,26.666666666666664,0.7768197445183523,71.09030578744958,0.5556027407341815,77.68333333333334,0.5718872651552699,77.52
80,0.11043346257953371,1,6,26.666666666666664,0.8039897793746048,70.21210486821124,0.5658805487637825,77.2,0.5916259226146018,76.18
80,0.21493906604464683,1,6,26.666666666666664,1.0276767078951974,61.964168464496765,0.6987175072761292,75.1,0.7139980576600239,74.56
80,0.22252312117450893,1,6,26.666666666666664,0.9638768878317558,64.49852265265922,0.6626693558819751,75.26666666666667,0.6856646049933829,74.48
80,0.09256789849132309,1,2.0,80.0,0.7826760679222643,71.11296927260793,0.5750948152643569,77.18333333333334,0.5923516116324504,76.85
80,0.11043346257953371,1,2.0,80.0,0.8165898293182254,69.95951986496202,0.6052830891406282,77.06666666666666,0.6256635261189406,76.44
80,0.04327537479115781,0,4,80,0.7518132192082703,72.56259573004908,0.5659092319138507,77.31666666666666,0.5863507817125624,77.31
80,0.24986933963123997,0,4,80,2.302566844806075,10.035048920008752,2.3026773980323303,10.0,2.3026708265778364,10.0
80,0.22760805614416257,0,4,80,1.1703135092109442,57.29756025132068,0.8268942078377338,70.55,0.8428635635193745,69.97
80,0.24709648569867856,0,4,80,1.0779873036965728,60.30563283423463,0.7528063826104427,71.65,0.7851726765845232,70.11
100,0.20337237381459441,4,81,1.2345679012345678,1.654356303253794,39.1895325203252,0.895748515078362,69.51666666666667,0.914581741876663,68.61
100,0.025224520901364015,4,81,1.2345679012345678,1.4781135999090302,44.016768292682926,0.7554973535081173,71.13333333333334,0.7705740230098651,71.26
100,0.12716305944840336,4,81,1.2345679012345678,1.3881294451108792,48.9964430894309,0.7738729785097406,71.26666666666667,0.7954362239807274,71.15
100,0.2098578894054284,4,81,1.2345679012345678,2.307588923268202,12.195121951219512,2.3038980123844555,10.0,2.303799439387716,10.0
100,0.14384455306115057,4,81,1.2345679012345678,1.715094548899953,35.91209349593496,1.0875196190590555,65.91666666666667,1.0915409273402705,66.06
100,0.12488566740736569,4,81,1.2345679012345678,1.3912476814859283,48.323170731707314,0.7291495590767962,73.13333333333334,0.7543232737073473,72.45
100,0.07069439774569017,4,81,1.2345679012345678,1.3293884207562703,50.03810975609756,0.6502250873662055,74.4,0.6714999335966293,73.88
100,0.029398596811252262,4,81,1.2345679012345678,1.466634800763634,44.385162601626014,0.7713654770496043,69.68333333333334,0.7884100736326473,69.46
100,0.1897380056365018,4,81,1.2345679012345678,1.7480441893988508,36.521849593495936,1.0458779144794383,64.33333333333333,1.058436415377696,63.05
100,0.10802877953545184,4,81,1.2345679012345678,1.3489513450521764,49.364837398373986,0.7038855435366326,72.51666666666667,0.7179677550959739,71.6
100,0.029513772777720167,4,81,1.2345679012345678,1.4893843192395155,44.3724593495935,0.798949658870697,71.75,0.816624943238155,70.85
100,0.024863660466333034,4,81,1.2345679012345678,1.4657902024625762,45.29979674796748,0.7438498874928089,72.56666666666666,0.7627803857918758,71.8
100,0.18084907438798853,4,81,1.2345679012345678,2.0040354302258994,24.30132113821138,1.7402441831345254,32.266666666666666,1.7363784328387801,31.83
100,0.19552460760151577,4,81,1.2345679012345678,2.0393125526304168,25.266768292682926,1.3166544551545,54.38333333333333,1.3284008092940993,53.34
100,0.2489386960606878,4,81,1.2345679012345678,1.8157935520497763,34.84502032520325,1.2182682898450405,57.016666666666666,1.2301500648449941,56.26
100,0.13825480310056582,4,81,1.2345679012345678,1.3929981439094232,48.6280487804878,0.838905599523098,68.78333333333333,0.8493414881882394,68.48
100,0.043174953665432995,4,81,1.2345679012345678,1.4305563738675622,45.90955284552845,0.7111712903418439,73.51666666666667,0.7265584062618814,72.63
100,0.03787701723509929,4,81,1.2345679012345678,1.3842901335499151,48.74237804878049,0.6886697081809349,74.0,0.7103106106162831,73.38
100,0.19265480412120956,4,81,1.2345679012345678,1.605701774116454,40.739329268292686,0.8971514207251529,70.21666666666667,0.9117028739801638,69.5
100,0.24421658335735516,4,81,1.2345679012345678,1.6269106380338592,40.8155487804878,0.9366988114854122,68.55,0.9660430292415011,67.08
100,0.11272565659680031,4,81,1.2345679012345678,1.4909631813444741,44.232723577235774,0.8922256034739474,69.23333333333333,0.9068356118384441,68.75
100,0.1199716910224606,4,81,1.2345679012345678,1.446327327228174,46.50660569105691,0.7884942946281839,72.75,0.8017703503560109,72.28
100,0.15746992852995262,4,81,1.2345679012345678,1.5138638470231034,44.677337398373986,0.7569501647289764,73.18333333333334,0.767119288444519,72.85
100,0.08257374126859467,4,81,1.2345679012345678,1.3146359828429492,51.93089430894309,0.7060087900212471,73.2,0.7215287410149909,72.76
100,0.10435945616469278,4,81,1.2345679012345678,1.377041638382082,49.03455284552845,0.713096670013793,74.45,0.7336413841338674,73.67
100,0.02829173812480745,4,81,1.2345679012345678,1.4703891025326117,45.56656504065041,0.725408488131584,73.23333333333333,0.7409591883610768,72.45
100,0.2297812930574613,4,81,1.2345679012345678,2.2256210402744574,21.01117886178862,1.5844932553615976,47.18333333333333,1.5922174256318693,46.64
100,0.08558069239256624,4,81,1.2345679012345678,1.3801004150049474,49.49186991869919,0.7026606645989926,73.15,0.7284434916107518,72.34
100,0.11201330613102668,4,81,1.2345679012345678,1.4598561694951562,46.16361788617886,0.8105199723801715,67.91666666666667,0.8187558411792585,67.86
100,0.03760069005110971,4,81,1.2345679012345678,1.45474094491664,44.96951219512195,0.774923082995922,70.08333333333333,0.794048526864143,69.46
100,0.08215906218853455,4,81,1.2345679012345678,1.476661986451808,44.10569105691057,0.7887333257401243,71.5,0.8051790815250129,70.99
100,0.030906290204715317,4,81,1.2345679012345678,1.5089551341242906,43.78810975609756,0.8392548446959638,68.6,0.8541741340782991,68.27
100,0.0776666063698052,4,81,1.2345679012345678,1.3761084423801764,49.26321138211382,0.6900154364869949,71.41666666666667,0.7046960656809959,71.14
100,0.06762465075735015,4,81,1.2345679012345678,1.327332750568545,48.9964430894309,0.7155010769975946,72.15,0.7315708501323773,71.86
100,0.17183547443542174,4,81,1.2345679012345678,1.6663827721665545,37.6905487804878,0.9825841885931949,66.43333333333334,0.9970255934508743,65.99
100,0.03755299778900416,4,81,1.2345679012345678,1.537224318438429,40.510670731707314,0.7797099884520186,71.13333333333334,0.7972740371515796,70.37
100,0.14718355700238514,4,81,1.2345679012345678,1.5257296474968516,43.49593495934959,0.7998898840965109,69.83333333333333,0.8254462560271002,68.95
100,0.14449688028022198,4,81,1.2345679012345678,1.4269889825727882,47.573678861788615,0.7327653473996102,69.9,0.7597607328633594,68.92
100,0.05085416652660572,4,81,1.2345679012345678,1.3283909273341419,50.90193089430894,0.6936184107623202,73.05,0.7053771575165403,73.35
100,0.1395812963578402,4,81,1.2345679012345678,1.4324151660368694,46.84959349593496,0.75810832102248,70.63333333333334,0.7814639495436553,70.03
100,0.206768675318737,4,81,1.2345679012345678,1.7353762291311248,36.34400406504065,1.0247102043730147,63.2,1.0471364791226234,62.01
100,0.16922349296736017,4,81,1.2345679012345678,1.5469061189550695,43.58485772357724,0.8394915512267579,66.76666666666667,0.8577542920021495,66.44
100,0.05899024967548831,4,81,1.2345679012345678,1.3766945081997692,49.0599593495935,0.721095787083849,73.41666666666667,0.7359748989533467,72.91
100,0.19679995567971165,4,81,1.2345679012345678,1.6275973678604374,39.761178861788615,0.8874123591057798,68.81666666666666,0.9014744470073919,68.34
100,0.03802549161130555,4,81,1.2345679012345678,1.361039382655446,48.76778455284553,0.7270480140726617,74.1,0.7406563417167421,73.03
100,0.07485341310718487,4,81,1.2345679012345678,1.3718799648246145,48.88211382113821,0.757148137117954,71.9,0.7752998585154296,71.51
100,0.04750749795874399,4,81,1.2345679012345678,1.360069561295393,49.58079268292683,0.7390365942995599,71.93333333333334,0.7606500003747879,71.2
100,0.06467429166825805,4,81,1.2345679012345678,1.3403756565194789,49.517276422764226,0.7039673626422882,73.95,0.7212984455618888,73.48
100,0.21666095517267606,4,81,1.2345679012345678,2.014315015901395,25.927337398373982,1.3141098517052672,54.71666666666667,1.3199107624163293,54.7
100,0.06128383971019692,4,81,1.2345679012345678,1.3653668426885837,49.707825203252035,0.7226970652316479,72.11666666666666,0.7270028678474912,72.35
100,0.0692836738909952,4,81,1.2345679012345678,1.4581348038301236,44.385162601626014,0.7241675099159809,72.76666666666667,0.7445555249596857,72.15
100,0.09516501132492663,4,81,1.2345679012345678,1.3619325534114992,48.86941056910569,0.6946814206052334,73.41666666666667,0.7126481912697956,72.71
100,0.10361425867223722,4,81,1.2345679012345678,1.463407796088273,46.13821138211382,1.030162735188261,59.483333333333334,1.0425958193031846,59.58
100,0.0628635793003885,4,81,1.2345679012345678,1.4758663410093726,44.14380081300813,0.7573690902679524,69.55,0.7792861860269195,69.23
100,0.08099098645921711,4,81,1.2345679012345678,1.3866073595799082,47.8785569105691,0.6984838031707926,72.93333333333334,0.7097324385384846,73.46
100,0.10558162584726805,4,81,1.2345679012345678,1.3608589487347176,49.28861788617886,0.7255552835921024,74.43333333333334,0.7409717565888811,73.97
100,0.01086112216303525,4,81,1.2345679012345678,1.6734161386644937,36.90294715447155,1.0179850674690085,64.66666666666667,1.031060079100785,64.09
100,0.07593489498678724,4,81,1.2345679012345678,1.3044076489239205,51.105182926829265,0.7382189276370597,74.16666666666667,0.7518500541425814,73.49
100,0.09330102544792233,4,81,1.2345679012345678,1.3657642612612344,48.86941056910569,0.6862573985089647,74.58333333333333,0.7031242676601288,74.06
100,0.04655825544034503,4,81,1.2345679012345678,1.4095396627255572,48.170731707317074,0.6976490921162545,73.18333333333334,0.7160333450053148,72.72
100,0.05857013573598043,4,81,1.2345679012345678,1.4426120495408532,45.14735772357724,0.7021900960739623,73.28333333333333,0.7222846064977585,72.4
100,0.1117508860791568,4,81,1.2345679012345678,1.4090736091621523,47.92936991869919,0.7076454124552138,74.7,0.7252715188226883,74.34
100,0.1783927766080105,4,81,1.2345679012345678,1.5932011739994452,41.984247967479675,0.8503850666766471,70.1,0.8808510876764917,69.74
100,0.03887416446573331,4,81,1.2345679012345678,1.335388396329027,50.33028455284553,0.6955633975089864,73.71666666666667,0.7077197920364938,73.56
100,0.08357835595493233,4,81,1.2345679012345678,1.3934546747827918,46.44308943089431,0.7660691509855554,73.11666666666666,0.7858253595935312,72.32
100,0.04131388214143022,4,81,1.2345679012345678,1.3991039904152476,47.7515243902439,0.7215854639702655,72.36666666666666,0.7457470035856697,71.6
100,0.14690401530524405,4,81,1.2345679012345678,1.824261291240289,32.1265243902439,1.2903126617695422,49.916666666666664,1.3030683599459898,48.83
100,0.08702614295582242,4,81,1.2345679012345678,1.498230977756221,44.15650406504065,0.8275810955686772,68.75,0.8433188450564245,67.97
100,0.02722032386050935,4,81,1.2345679012345678,1.5170443503837274,42.28912601626016,0.8637721766816809,68.35,0.8792330725177838,68.06
100,0.18098246595877773,4,81,1.2345679012345678,1.5156239920515355,44.829776422764226,0.8217138159782329,71.7,0.8421671531002992,70.84
100,0.19782468948679888,4,81,1.2345679012345678,1.6276219511419776,39.545223577235774,0.9461587870374639,67.53333333333333,0.9600118174674405,66.44
100,0.16129888115327906,4,81,1.2345679012345678,1.5568239213974495,41.984247967479675,0.9007093265969702,68.23333333333333,0.9203374306107782,67.59
100,0.07835807667708335,4,81,1.2345679012345678,1.5005560144176329,44.3089430894309,0.7890659837012596,72.15,0.8048320135493188,71.74
100,0.09666761720367509,4,81,1.2345679012345678,1.2984599010731146,51.96900406504065,0.7010779491764434,74.55,0.7143915193096088,74.2
100,0.24672993850710023,4,81,1.2345679012345678,1.935974826657675,29.7510162601626,1.1283640113282711,57.56666666666667,1.1375109431849924,56.94
100,0.24019047169636032,4,81,1.2345679012345678,2.3163810144595014,10.683434959349594,2.3043913714429167,10.0,2.3042707929186,10.0
100,0.18262524501275507,4,81,1.2345679012345678,1.85685055818015,32.609247967479675,1.1158272541583854,63.05,1.129390418909158,62.65
100,0.03999167111339481,4,81,1.2345679012345678,1.3759803093545806,48.22154471544715,0.7207708308037292,72.5,0.7335010592345219,72.76
100,0.08485248555094092,4,81,1.2345679012345678,1.4906611583097193,45.604674796747965,0.7688159238784871,71.65,0.7884910205367265,71.96
100,0.0813850378829595,4,81,1.2345679012345678,1.3183865290347154,49.72052845528455,0.679002710796417,74.13333333333334,0.6921228479807544,73.69
100,0.22594922557155264,4,81,1.2345679012345678,1.6366647317157528,40.625,0.945097712760276,69.68333333333334,0.9713193561620773,68.1
100,0.07069439774569017,4,27.0,3.7037037037037033,1.095773506486738,58.80912162162162,0.5967756484417205,77.05,0.6128024508239357,76.7
100,0.0813850378829595,4,27.0,3.7037037037037033,1.021183308234086,62.048141891891895,0.5874019534663951,76.18333333333334,0.6057448827537002,75.9
100,0.09330102544792233,4,27.0,3.7037037037037033,1.0198504335171468,62.255067567567565,0.5709275343316667,77.88333333333334,0.5885582507415942,77.3
100,0.03787701723509929,4,27.0,3.7037037037037033,1.017385562046154,62.15371621621622,0.6046189282168734,75.86666666666666,0.6293644654523035,75.63
100,0.0776666063698052,4,27.0,3.7037037037037033,1.0499937274971525,60.751689189189186,0.5852920631779001,77.18333333333334,0.6052941983672464,76.7
100,0.05085416652660572,4,27.0,3.7037037037037033,1.0809917648096343,60.17736486486486,0.6282281155915971,76.41666666666667,0.6530015470495649,75.14
100,0.09516501132492663,4,27.0,3.7037037037037033,1.0228442778458466,61.929898648648646,0.5663370344233005,77.5,0.5867051227836851,76.6
100,0.03887416446573331,4,27.0,3.7037037037037033,1.0137954736078107,62.867398648648646,0.6023912033502091,76.4,0.6261652083533584,75.95
100,0.04655825544034503,4,27.0,3.7037037037037033,0.9932073652744293,63.39949324324324,0.584666650345985,76.76666666666667,0.6049083989516945,76.84
100,0.08099098645921711,4,27.0,3.7037037037037033,1.0249270550302556,61.6089527027027,0.5715031817238382,77.91666666666667,0.5896728545617146,77.02
100,0.09666761720367509,4,27.0,3.7037037037037033,0.9840202586070911,63.589527027027025,0.5661890284812197,77.55,0.5858026247495299,77.2
100,0.05857013573598043,4,27.0,3.7037037037037033,1.0225447546791386,62.2339527027027,0.5883404343052113,76.53333333333333,0.6064473570911748,75.89
100,0.08558069239256624,4,27.0,3.7037037037037033,1.0176235927117838,62.398648648648646,0.5727169206167789,77.91666666666667,0.5949921742746025,76.13
100,0.10802877953545184,4,27.0,3.7037037037037033,1.0515744083636516,60.87837837837838,0.5712988310037775,76.93333333333334,0.597760058892001,76.22
100,0.06467429166825805,4,27.0,3.7037037037037033,1.0244005625312393,62.326858108108105,0.5822644392226605,76.65,0.5947090138675301,76.54
100,0.08257374126859467,4,27.0,3.7037037037037033,1.0226818091160543,61.891891891891895,0.5803868418678324,77.23333333333333,0.6041395368090101,76.57
100,0.1117508860791568,4,27.0,3.7037037037037033,1.022035763553671,62.23817567567568,0.5556349570446826,78.18333333333334,0.576486871121036,77.53
100,0.043174953665432995,4,27.0,3.7037037037037033,1.0775980575664623,60.3589527027027,0.6370900783767092,75.16666666666667,0.6572903459239158,74.75
100,0.10435945616469278,4,27.0,3.7037037037037033,1.0091206382255296,62.95608108108108,0.5607150862825677,77.06666666666666,0.588572306427986,76.68
100,0.06762465075735015,4,27.0,3.7037037037037033,1.0493484904637207,60.810810810810814,0.6181283520257219,75.23333333333333,0.6453945006534552,74.31
100,0.03999167111339481,4,27.0,3.7037037037037033,1.0760531354594876,60.0,0.6018626036796164,75.98333333333333,0.6213254607786798,75.78
100,0.05899024967548831,4,27.0,3.7037037037037033,1.0700787919598658,59.945101351351354,0.6068324915906216,76.05,0.6251371508570993,75.81
100,0.04131388214143022,4,27.0,3.7037037037037033,1.0457343604113605,61.6089527027027,0.611949603291268,76.21666666666667,0.6302968333860871,75.61
100,0.06128383971019692,4,27.0,3.7037037037037033,1.0220920248611554,62.2508445945946,0.5881988206442367,76.78333333333333,0.6100956429341796,76.51
100,0.0692836738909952,4,27.0,3.7037037037037033,0.9896183198368227,63.585304054054056,0.55678790807724,77.88333333333334,0.5797518637909251,76.95
100,0.02829173812480745,4,27.0,3.7037037037037033,1.0391978107594155,61.63429054054054,0.6189923790541101,75.33333333333333,0.6443045830271047,74.98
100,0.10558162584726805,4,27.0,3.7037037037037033,1.4138766875138153,46.75253378378378,0.7802904273601289,72.1,0.7974977747649904,71.86
100,0.1117508860791568,4,9.0,11.11111111111111,0.8108814181935992,70.17780778753095,0.5368558783480462,78.51666666666667,0.5614903117441068,77.67
100,0.0692836738909952,4,9.0,11.11111111111111,0.831461661925303,69.41677920324105,0.5761308115213475,77.33333333333333,0.6007972291320752,77.1
100,0.10435945616469278,4,9.0,11.11111111111111,0.8790765892643847,67.4459824442944,0.5793859353090854,77.13333333333334,0.5937774543929252,76.85
100,0.09666761720367509,4,9.0,11.11111111111111,0.8301067589425912,69.59261760072023,0.5562288532865808,77.78333333333333,0.578180017554836,77.44
100,0.09516501132492663,4,9.0,11.11111111111111,0.82705139177646,69.69530722484808,0.5514953263262485,78.46666666666667,0.5704142149466618,78.04
100,0.09330102544792233,4,9.0,11.11111111111111,0.8506070419166885,68.876603646185,0.5711110563988381,77.81666666666666,0.5896008293719808,77.37
100,0.10802877953545184,4,9.0,11.11111111111111,0.8364795155078844,69.16075849651136,0.555757352963407,78.83333333333333,0.5829982465239847,78.03
100,0.08099098645921711,4,9.0,11.11111111111111,0.8519285487281,68.606515867657,0.5775222229830762,77.08333333333333,0.5985937420349972,76.6
100,0.08558069239256624,4,9.0,11.11111111111111,0.8420881626844191,68.7035786630655,0.5829127643336641,76.93333333333334,0.6013212363431408,76.66
100,0.1117508860791568,4,3.0,33.33333333333333,0.7559645116382843,71.93619176232275,0.5448161598215712,78.08333333333333,0.5679960708329632,77.81
100,0.09516501132492663,4,3.0,33.33333333333333,0.8130058909621355,69.74594868332208,0.5831167935690982,76.83333333333333,0.6040670313652913,76.12
100,0.10802877953545184,4,3.0,33.33333333333333,0.7844847911136701,70.76065346237527,0.5629117422281428,77.43333333333334,0.5870967490278232,76.76
100,0.1117508860791568,4,1.0,100.0,0.7840640227854252,70.97811273100102,0.578161913029691,77.2,0.6031069542951645,76.05
100,0.11534930257398228,3,27,3.7037037037037033,1.0251243069365217,62.06925675675676,0.5657262713351148,77.18333333333334,0.5866402795739994,76.9
100,0.18755540237304721,3,27,3.7037037037037033,1.1381316631226925,57.060810810810814,0.6271266442664126,76.0,0.6471909231441036,75.05
100,0.144822332063887,3,27,3.7037037037037033,1.3057698029118616,50.50253378378378,0.6955059703360212,73.36666666666666,0.707684710526922,72.61
100,0.12402473189441324,3,27,3.7037037037037033,1.064412428881671,60.03800675675676,0.573036992803533,77.31666666666666,0.5899363042442662,76.84
100,0.12943809858905897,3,27,3.7037037037037033,1.0554940085153321,60.46875,0.5680961599375339,78.15,0.5905648940687727,77.42
100,0.15391375763383866,3,27,3.7037037037037033,1.1195416067097639,57.901182432432435,0.6113503717995704,75.8,0.6273077411256778,75.55
100,0.23380777386066243,3,27,3.7037037037037033,1.3389006431038315,51.33445945945946,0.7917430813008166,69.9,0.8057858321317442,69.33
100,0.24087837328526612,3,27,3.7037037037037033,1.340788334608078,50.5785472972973,0.7353569427703289,72.45,0.7625223534881689,72.17
100,0.07850737067879163,3,27,3.7037037037037033,1.0031450641316337,63.336148648648646,0.5665385482159067,77.21666666666667,0.5851280787947831,77.45
100,0.04030735711292631,3,27,3.7037037037037033,1.054017304729771,60.548986486486484,0.6073082558652187,75.91666666666667,0.6302583631436536,75.61
100,0.0030992923795406763,3,27,3.7037037037037033,1.7464540710320344,35.95861486486486,1.2134357475219888,63.53333333333333,1.2278551698490312,63.44
100,0.1520603119387828,3,27,3.7037037037037033,1.2911268086046785,51.64695945945946,0.6725820918032464,75.11666666666666,0.7049620937389932,73.76
100,0.221634368249199,3,27,3.7037037037037033,1.33398796029993,50.848817567567565,0.7261360030859074,72.78333333333333,0.7491553968684689,71.96
100,0.2148309046810513,3,27,3.7037037037037033,1.267614527006407,53.897804054054056,0.692533587521695,74.8,0.7223039072030669,73.9
100,0.21935471954034647,3,27,3.7037037037037033,1.366537663098928,50.07179054054054,0.735272320661139,72.76666666666667,0.758348509574392,71.8
100,0.06347677797151012,3,27,3.7037037037037033,1.0374492091101568,61.11908783783784,0.5994312471531807,76.36666666666666,0.6248002965359172,75.89
100,0.12229039764330481,3,27,3.7037037037037033,1.1341984579692015,57.8125,0.6016435543907449,76.45,0.618246975598062,76.17
100,0.20143288199756307,3,27,3.7037037037037033,1.2539467267087987,54.7804054054054,0.6559187268957178,75.98333333333333,0.6730100075910046,74.87
100,0.12477569186112922,3,27,3.7037037037037033,1.0934941960347666,58.994932432432435,0.5804195889133088,77.48333333333333,0.5987133286940823,76.66
100,0.24897158931335492,3,27,3.7037037037037033,1.3746853915420738,49.32432432432432,0.7338322286910199,70.85,0.7515366950612159,70.5
100,0.11173909039461768,3,27,3.7037037037037033,1.0386420343373273,61.005067567567565,0.5739375394075474,77.15,0.592369836037326,76.73
100,0.22358791193672714,3,27,3.7037037037037033,1.2503285997622722,53.239020270270274,0.6222390630777846,76.58333333333333,0.6440499049083442,76.18
100,0.12234164714396686,3,27,3.7037037037037033,1.4200468698063413,46.832770270270274,0.7021539972183553,73.95,0.7265755093781052,72.94
100,0.06290279892159571,3,27,3.7037037037037033,1.0683583293412182,59.548141891891895,0.6064763119880189,76.08333333333333,0.6350172585362841,75.08
100,0.027502785782938466,3,27,3.7037037037037033,1.0966631283631196,59.34966216216216,0.6413984330410653,74.86666666666666,0.6706483244516288,74.29
100,0.11127653221732393,3,27,3.7037037037037033,1.0889497127081897,59.40878378378378,0.5929483273561965,76.35,0.6088105145913021,76.0
100,0.048842292485749804,3,27,3.7037037037037033,1.037411112237621,60.91638513513514,0.6081077970088796,76.18333333333334,0.628965404003289,75.81
100,0.11534930257398228,3,9.0,11.11111111111111,0.8961253257402957,66.95082151699302,0.5879276749935556,76.83333333333333,0.6027365778661837,76.38
100,0.07850737067879163,3,9.0,11.11111111111111,0.8603401805880261,67.64010803511141,0.564693881476179,77.4,0.5874409089042882,76.81
100,0.12943809858905897,3,9.0,11.11111111111111,0.8435004717267172,68.81470853027234,0.5572843545294822,77.68333333333334,0.5796242697983031,76.87
100,0.12402473189441324,3,9.0,11.11111111111111,2.274180264005137,11.644722034661266,2.302748680114746,10.0,2.3027592358315827,10.0
100,0.11173909039461768,3,9.0,11.11111111111111,0.8877891227804144,67.30531172631105,0.5870956924367459,77.15,0.6009418683446897,76.88
100,0.12477569186112922,3,9.0,11.11111111111111,0.8935500185946749,65.70025883412109,0.5963102258900379,76.01666666666667,0.6230744408194426,75.19
100,0.11127653221732393,3,9.0,11.11111111111111,0.8370194880679103,68.60932928201666,0.5485128234041498,77.51666666666667,0.5727672052990859,76.98
100,0.06347677797151012,3,9.0,11.11111111111111,0.8799847288779801,66.90721359441818,0.5852475461173565,76.96666666666667,0.6004097645829438,76.39
100,0.12229039764330481,3,9.0,11.11111111111111,0.8492577139532963,68.89067071798334,0.5638518330264599,77.56666666666666,0.5821438346319138,77.04
100,0.11127653221732393,3,3.0,33.33333333333333,0.8250774056157514,69.7135944181859,0.5680430262012685,77.38333333333334,0.5930673569251018,76.97
100,0.12943809858905897,3,3.0,33.33333333333333,0.7815154286840819,70.59747542951459,0.5397643253524252,78.65,0.5593559588216672,78.19
100,0.12229039764330481,3,3.0,33.33333333333333,0.8454845981432659,68.51367319378798,0.6111798679575007,76.36666666666666,0.6315416932865313,75.9
100,0.12943809858905897,3,1.0,99.99999999999999,0.8393597309470642,68.64777416531199,0.6011434273516878,76.61666666666666,0.6273597304228764,75.48
100,0.21586346292581798,2,9,11.11111111111111,1.0594227665936378,61.58564033310826,0.6563202453420517,75.63333333333334,0.6792873983170576,75.24
100,0.0350477374175582,2,9,11.11111111111111,0.8918999626655819,66.80733738465001,0.6085999757051468,76.26666666666667,0.6284414273538407,75.77
100,0.019017805973925096,2,9,11.11111111111111,0.9562937868918309,65.27261985145172,0.6534517613497186,74.81666666666666,0.6788162048075609,74.05
100,0.11382280658736996,2,9,11.11111111111111,0.9133425178718825,66.17713256808463,0.5689650051137234,77.83333333333333,0.5877620355718455,77.55
100,0.04065017761581473,2,9,11.11111111111111,0.9138462501640904,65.72417285617826,0.6269951263006698,75.31666666666666,0.646776466802427,75.3
100,0.17882570039401205,2,9,11.11111111111111,0.9183041774185792,66.10398379473328,0.5855586608039572,77.15,0.6058790454059649,76.79
100,0.02372325574612248,2,9,11.11111111111111,0.9420276028845999,65.20369119963988,0.6380873138600207,75.46666666666667,0.6547956859609884,74.97
100,0.11641094235179457,2,9,11.11111111111111,0.8208764465835908,69.87114562232726,0.5416347660282825,77.93333333333334,0.5642264244283081,77.54
100,0.11589660743464086,2,9,11.11111111111111,0.9010500275101563,66.45988071123115,0.5979528909033918,76.55,0.6142682467296625,76.32
100,0.11641094235179457,2,3.0,33.33333333333333,0.7782358022788392,71.33599669892715,0.5559978919460419,78.11666666666666,0.5747637399442637,77.81
100,0.11382280658736996,2,3.0,33.33333333333333,0.7853611508647566,70.55902543326582,0.5527711548703782,78.13333333333334,0.5731749301123771,77.14
100,0.17882570039401205,2,3.0,33.33333333333333,2.302107386570452,10.064989871708304,2.302538293473264,10.05,2.3025507243575563,10.03
100,0.11382280658736996,2,1.0,100.0,0.7153562205791474,73.6633824301683,0.5130167305469513,79.31666666666666,0.5322878398713032,78.75
100,0.01915097693163874,1,6,33.33333333333333,0.9044723808497164,67.1139995498537,0.6586377306821498,74.76666666666667,0.6853647036537244,74.68
100,0.20882607170816475,1,6,33.33333333333333,0.9064561759892649,66.46363193037737,0.6223978412912247,76.8,0.6395642096829263,75.96
100,0.09256789849132309,1,6,33.33333333333333,0.8017014284374261,69.74594868332208,0.5711514864196169,77.1,0.5910532869351138,76.4
100,0.11043346257953371,1,6,33.33333333333333,0.7601732820442336,71.82224848075624,0.5551861394593056,77.95,0.5679909801407225,77.49
100,0.21493906604464683,1,6,33.33333333333333,1.08666456650586,59.079357041038335,0.7373879279227967,73.78333333333333,0.7578928854055466,72.77
100,0.22252312117450893,1,6,33.33333333333333,0.972681146035708,63.471096856478354,0.6533230987000973,74.81666666666666,0.6801839064640604,73.65
100,0.11043346257953371,1,2.0,99.99999999999999,0.7892146419347411,71.0299174690509,0.5691354468147806,78.38333333333334,0.585320615274891,77.64
100,0.09256789849132309,1,2.0,99.99999999999999,0.8338755837338294,68.98790171314243,0.6204352252026821,77.08333333333333,0.6306379194472246,76.55
100,0.04327537479115781,0,5,100,0.8059864897757769,70.26150941508915,0.5974811394797995,76.36666666666666,0.6189984049007391,75.64
100,0.24986933963123997,0,5,100,2.3040642194151877,10.057922178599116,2.3026782147427824,10.0,2.302671317082302,10.0
100,0.22760805614416257,0,5,100,1.266650955349207,53.94796068918953,0.9641251297707253,65.55,0.9879554289921074,64.89
100,0.24709648569867856,0,5,100,2.052899518108368,19.921259596389007,1.7609241262395332,33.166666666666664,1.7608377796829127,33.27
100,0.17537801964929864,0,5,100,0.9124078258156777,66.01315361724474,0.6441785417338635,75.66666666666667,0.6626543934178201,74.56
